,Request Id,request_execution_time,cdf
6,6,0.11666612731023102,0.125
0,0,0.11683557928364313,0.25
1,1,0.11683557928364313,0.375
7,7,0.11690137732808757,0.5
5,5,0.11696717537253201,0.625
3,3,0.11709877146142089,0.75
4,4,0.11709877146142089,0.875
2,2,0.11716456950586533,1.0
